{
  "mean": [
    4.86925,
    438.0525,
    3.1825,
    7.094674999999996,
    4.585,
    1.18,
    1.3879999999999995,
    4.591175000000002
  ],
  "scale": [
    2.2233730990321905,
    136.90038255516316,
    1.715865306485331,
    1.528153099128161,
    2.8745043050933154,
    1.0805554127392083,
    1.0453260256972454,
    1.954846635768392
  ]
}